20181226,20181205,20181114,20181010,20180905,20180815,20180801,20180718,20180620,20180606,20180509,20180502,20180411,20180328,20180124,20180117,20171227,20171122,20171108,20171101,20171011,20170816,20170802,20170628,20170621,20170531,20170503,20170426,20170412,20170308,20170222,20170208,20170201,20170111,20161228,20161102,20161005,20160921,20160914,20160824,20160803,20160706,20160615,20160518,20160504,20160427,20160413,20160302,20160217,20160120,20160113,20151230,20151118,20151104,20151014,20151007,20150909,20150819,20150812,20150805,20150729,20150708,20150527,20150520,20150506,20150422,20150415,20150318,20150304,20150225,20150218,20150211,20150204,20150121,20141210,20141203,20141105,20141029,20141008,20140917,20140910,20140820,20140813,20140730,20140716,20140618,20140521,20140514,20140507,20140409
"<p>ɍŝ́c<br/>
NwU.S.A.xqbgIDA PUMPISSAƃoC񂮏pI<br/>
ǂ֍ŝ͓܂ł̂y݁I<br/>
NŐオĂł낤XŁAԑgj㏉ƂȂnVS̗psI<br/>
̂ǂȂ̂NNhLhLI

</p>","<p>͏߂Ă̐EŁIx򒼎qnEB[Õj[[NցI<br/>
ȂX}nb^łق됌C̍xގTIHLXIH<br/>
EH[XœLAE[}nEbhDڎwlA<br/>
ɂ̓S[XgoX^[Y܂ŁAj[[J[ƋCςނ܂<br/>
Bar Hopping(nVS)I<br/>
ɁY[ȂʁYsUIH̐lC|\lpB̐isUƂ́H
</p>","<p>VlDuc^ՁvhbLœˑRnVSɏoI<br/>
umĂlɉvuN̒ajv<br/>
u͂vȂǁAn[hグ܂I<br/>
ȓc^ՂɊՂ~IH
</p>","<p>qoDucVvƃnZ{uߓt؁vA󑐋wŒ܂ŃnVS̗I<br/>
cV͂̓̂߂4O̒𐮂ĂƂB̍b゠ĂAȗt@ƂvuȂĂ鏗vɏoAcVDI<br/>
nZ{t؂q񂩂́uēIṽtɑS͂œ˂݂܂I<br/>
̂قȐ󑐋̐̊Fƌ𗬂d˂܂I



</p>","<p>X^bt́ü݉X͌\sĂłˁcvƂ<br/>
uA̐lɂ́AȊȌŃnVSĂ炨I<br/>
ł1Ԉȓōs鏊łˁvƂ̈ꌾŎn܂ÃnVS̗ҁI<br/>
nVŜ́c<br/>
tbVȎ菗Du㋞vI<br/>
ď񂪑I񂾏ꏊ́cttwI<br/>
Ɓc<br/>
unVS̗vt@̐Vjt̋ő͂ႬI<br/>
ɐl̍KɂČ肠Ă鏗2lgɑI<br/>
b̗ŗςI<br/>
āu͎tF`ȂłvƎ菗D̈ӊOȑf炪I<br/>
X^WI唚΂ɂ́tF`Ƃ͈́H
</p>","<p>܂ŃnVŚ̗ADE؍HƐlC|lE֋SzQI<br/>
46ΓN2lAqʐŒ܂ňݕI֋SźAKXőMI<br/>
ɁASz̑t@̏ƊՂ̑Ń{EWBMI<br/>
20̏46΂2lɂĔM荇BSž?bI

</p>","<p>EXILE TAKAHIROE֌fB[EoC񂮏́gP3lghrRwŒ܂ŃnVS̗ITAKAHIRO܂̓ƍĉIIFɖ\InYJVCߋTAKAHIROԖʁIHp炤TAKAHIRO܂݂Ɉރr[ufB```IIv<br/>
Г獑ی܂ŁAMg[NXII
</p>","<p>nVŜ́c<br/>
tbVȐVlDuc^ՁvI<br/>
X^bt́ü݉X̉w͌\sĂłˁcv<br/>
Ƃɏ񂪁AȊÖړ1Ԉȓōsw`CXI<br/>
Đ_ސ쌧ߌwŁA܂ŃnVS̗X^[gI<br/>
c^Ղ͏߂Ă̐H|ɂI<br/>
̊źculolỏ̗Vn݂v<br/>
CɂȂ邻̐HוƂ͈́IH<br/>
߂Ă̕s炯ȃnVSP͖̂II
</p>","<p>cCGƂ́w}C^PxRrł݁I}CPxAȂƐVRr!!<br/>
̑́cm!!<br/>
Ɏȃou[Rrw}Cmxa!!<br/>
A񂪑I񂾂̂́wTxŗLȋTLwB
ƋRɂm׉w̋ogAsXsXŒng[N吷オI<br/>
ȂƕƓwZ𑲋ƂlƂ!!<br/>
ɕm̃oul^y􂵁ATLouiCgő呛!!
</p>","<p>v싅Iu΁vƁAnVS̗ł͂Ȃ݁uoC񂮏pv̕i̗ǂ2lAS[fEC[N^̉kŒ܂ňݕI<br/>
Ė\钷΂ɁÂǂcbR~ႦnARra̗\IH
</p>","<p>4ځIԑgPƂȂԌnVS̗Iin󑐁EcB<br/>
o[̓vXẼWFhAb_T_[ECK[Ə_AMB<br/>
ɁA|lƂ3lŃnVSI<br/>
ƃCK[\I<br/>
ԌqɃr^KEŹgXyVh܂őSJ[hI<br/>
āAʃX[CPiCՌsAI<br/>
zbs[ʂɂ郉CK[s̂XɂsႢ܂I<br/>
݂܂đ\3lڂȂI
</p>","<p>ȑlĆu݂₼vA΃RunVSvɏoI<br/>
́Ae̒̊uvAiIJRlkuXwv<br/>
oAJ̊XĂƁAX̕琺AI<br/>
VRE݂₼̘bpƁAɓׂɓ閑Aĩg[N<br/>
NXI[o[āȀo▭ȓWJŐオ܂I<br/>
̒ŕKȂ̂AӒ̏2l̎ɂƂȂ<br/>
ƂerJ́灄IɁAuđŉ̂e<br/>
̑f炵v`FbNłIςRmlVˁIH
</p>","<p>fr[15ŃuXL}XCb`v2lkwŃnVS̗ɏoI<br/>
u15N܂܂mȂlƎvcvƂSz悻ɁA<br/>
Xɓ₢Ȃ劽IIāÂ܂II<br/>
\ȁutvIẢFɑSSDĂ܂I<br/>
΂E܂́AyEDnVS̗ƂȂ܂I
</p>","<p>lCDu˓cbvÁ݂uoC񂮏vJwŃnVS̗ɏQI邱ƂȂA1ڂł͏ĂI0ɋg̐荇킹I[3ɃJ[CXIȂǁA˓cb́u^Cv͒܂ő܂I݉ł́u̍vɎv킸jjIXɁuՂ̏ovɑ勻ÏƂȂ܂I
</p>","<p>̃nVŚAXyVQXgƂĂówⓍx<br/>
|\Eœ̂Ȃ|WVƏɏ̂ꂽ|lwAWbVxƋɏQI<br/>
VC͉JAŒC1Ƃ]IȃnVSâȂwTˉwxŒ܂ŃnVSI<br/>
IV u߂ȂvŃCP̊@}A<br/>
X̐lAANV`A<br/>
Ō̓eL[̃VbgA_[cΌIⓍT˂ő\H邾I 
</p>","<p>o11ځInVSuuv̂́cA<br/>
wm̃KpSXxƌĂ΂鎭哇Iɂ炸A<br/>
ɂ͎2Ԗڂɑ傫ɉ؊XłI<br/>
APő肪II<br/>
ADNunVS̗v̊Ɓueby̗v̊ԈႦĎĂĂ܂II<br/>
I<strong>ȊႢAMȂՂ܂܂II</strong><br/>
ɁIJLꂽ̂́A썑ӂzCȎő<strong>uՂ̈v̘AI</strong><br/>
4Nڂɓ˓unVS̗v̏oA̖A傫ԊJ܂I<br/>
͂ƂƈႤI΂܂̊Ղ̃nVSI

</p>","<p>PlCDugځvƋP|luoC pv́A<br/>
NP2lŒ܂ŃnVS̗I<br/>
2ĺAʉ̗KƂ̏W܂ɐƎv΁A̐̂̑t@mutB̈݉ɂזȂǌIčŌɖKꂽXł́ANXyVɂӂ킵LoIɂgڂ̃vCx[g◝z̒j̃^Cv炩ɂȂȂǁÃnVS͈uƂȂI
</p>","<p>50΂̕cCG56΂̃}CPx̓ƐgRrɁAłȂ|l<br/>
46΂́uPh[RoVvu}C^PRov̓Ɛg3gbvI<br/>
3lŝ́cA{̍ō̖oXuvI<br/>
ʂācIH߂āuvnVS3l<br/>
^̏o͂̂IH<br/>
VpVVnAZuzXeXAƂ͈Ⴄ<br/>
nVS𑶕ɂy݂I

</p>","<p>R`AʊI<br/>
ȂƁAԂ炨ło[xL[ŃnVS̗sI<br/>
EȂłWp̊ێRjނxƋɁA<br/>
HkJo[xL[֌I<br/>
̒ɂ͋ȂAƑAqǂBƏoA<br/>
ĩnVS̗Ƃ͈ꖡ΃g[NyI<br/>
ɁAێRHqȂł͂̉ߌȗ_Ԃ܂I<br/>
y݂ɁII


</p>","<p>nVŜ́c<br/>
{er2NځAqifXIVAVX^gu،AiET[Iv<br/>
qifX̒SɂȂ1TԂIޏɁATvCYhbLI<br/>
mȂAiɁA܂ŃnVS̗̃PʒBI<br/>
ˑȐoɌtȂAic<br/>
āAŒ܂ŃnVS̗̃PX^[gI<br/>
Aɂ̑Jc<br/>
ʂāA߂ẴnVSP͖̂IH<br/>
AiET[ȂAnC{[݂܂pKłII

</p>","<p>Kς̐VEX؊󂪁A<br/>
bEoC񂮏ɓŒ܂ŃnVSI<br/>
̐lɏjςȂ̍X؊<br/>
vCx[g_Ԍ邩IH<br/>
ԋ߂̃}u^`2lASďAE܂WcA<br/>
ގɃTvCYoꂽȂǁÅylXoI<br/>
ɍLquƒт܂vƂӊOsI
</p>","<p>AXɌJô̓JX}gbvfłAr[̃C[WK[wCxII<br/>
ȂƁA630̎^ŁAˑRnVS̗ӂA^ɐl̃oGeBPɏoHڂɁI<br/>
̐́uwvI<br/>
߂ẮwnVS̗xŋْ邩ƎvA<br/>
1ڂr[ŐtƁA2ځA3ڂւƓ˂i݁A<br/>
uwv̒fB[vȐEɓݍłI<br/>
ŏốAӊOȁIHfȐlXI<br/>
LOׂC̏oGeBPAy݂ɁII
</p>","<p>X^WI^ɃnVS̗ZbgoB<br/>
N^Iɂ̂܂܃nVS̗֍sɁI<br/>
񂩂̎włȂ΋ɒnVSցI<br/>
֎DGQ肢oI <br/>
ŏoِF̃RrnVSI X^WIVhOڂ֏oII<br/>
炵Ȃĕ͂܂łoI<br/>
Sɐςdɑ΂ՌII<br/>
Ă܂̒ng[NŃnCeVIH
</p>","<p>
܂ŃnVS̗ɁASPQXgEXILE TAKAHIROowI<br/>
ɁÃCCjɌlƂāA񂪑I񂾂̂c<br/>
ȂƃoC񂮁EB<br/>
SPQXg2lAqwŒ܂ňݓ|I<br/>
Ζʂ2lȂ̓ob`I<br/>
scbR~A΁ȀɃcbRTAKAHIRO B<br/>
ɉl^AAq̒͑唚΂ɕ܂ꂽI<br/>
ِFRr̔ΒAȂI
</p>","<p>΃RI̐lCɓoꂷ̂͑QNŗLȁuāvB<br/>
9ɂ͏AQƂ삪ɘAĂ̂́c<br/>
Ȃ19΂̈unqv<br/>
ueΖNłCIIv<br/>
ƂőAVŃnVSJnII<br/>
ƈꏏɃnVSƂŃELELC̈āII<br/>
Ȃ1ڂ炨Ku݁IIɓNœ̂܂ƏoāAҏb́uE`vbɉԂ炭EEE<br/>
unqv͂܂̃hII<br/>
Ɉӂ́wixƓӂ́wpNMOxII<br/>
C悭nVSĂAj㏉̃nvjOIII<br/>
Ă̐gɉNII<br/>
z𒴂WJɖڂȂI

</p>","<p>
̍炫cŎ cFƋߓt؂ԌnVS̗I<br/>
34΂̏t؂28΂Ŏox炫̋炫I<br/>
I[vjOcɃCWꂽ̂؂ɁAĂ݂ȂɃCWꑱI<br/>
́Au`˂IvČĂ̂IH<br/>
Ԃ琌œ키zbs[ʂł͐ct؂ɃLXIH<br/>
NɈx̉ԌnVSI\̎݉b2l͕KłI
</p>","<p>
΃RԂ̐lCɍo̂́Ǐ\Ő̒KCɂĂꂽԃnbs[ŃzbgȏDEX؊I<br/>
Â͍Kɂ͖̖bAoCLÕcbR~SEpI<br/>
u̗Ɂvɂ2lAqwEGŁA唚΂̃nVSJL܂I</p>","<p>A܂ŃnVS̗ɏốc@疼tbg{[A[̌㓡I<br/>
񂩂uꏊ͍Dȏł悢IvƌAIVȓqʐ֌Ƃ̎AuȂ܂ʁv̐I<br/>
ꂽ̂́Au^cہv呠ǂADEGI<br/>
݉ɍśA㓡AAݓV́uǎv֌I<br/>
ŏốA݂Ȃq̕XA<br/>
ɌēXŁAł͂Ȃł钴ߖwȂǖȐlXI<br/>
EɐU񂳂ꑱ㓡I͔̒΂̘AI<br/>
ŌɁA㓡ɕꌾȂI
</p>","<p>
񂩂uDȏꏊōDȐlƃnVS̗ɍsĂvƌꂽ<br/>
xgAĒ܂ŃnVS̗ցI<br/>
nVSɑI񂾏ꏊ́AxuDݏĂHׂIvƂRŁA<br/>
LwI<br/>
Ζʂ2l݂͂uvu`vƌĂэA<br/>
܂ŕtẴJbvI<br/>
L̔M͏q̖ϑzg[Ne܂܂I<br/>
ĔÔDݏĂIuLvƂ[ĥDݏĂ<br/>
XCb`I<br/>
J[vq畢ʃX[܂ŁAF`ȖȐoI<br/>
ΖʂȂ̂ɒǂ2l̃nVS̗͂Ȃ񂾂΂܂Ȃ܂I
</p>","<p>
񒩂܂ŃnVŜ́AnVS̏uuv<br/>
Kꂽ̂́AȂƃǔ̋uQRsvI<br/>
u̎̂΂iLIǰoc鋏֍sƁA<br/>
D̕eiLjoꂵAuQāI<br/>
XɁẪumĂeFoꂵA܂܂uAQāI<br/>
Ƃ͂A̖̋̉ACS̒mꂽlƂ̊y𖞋i<br/>
uIiL𖳂قǁjnnVS听悤łI
</p>","<p>
A܂ŃnVS̗ɏốc@̂ėx~[WJD mOށI<br/>
ꏊ͔JwɌI<br/>
t@ƂT[}AmOfr[ɐ܂ꂽq吶A<br/>
ɂ̓v̐肢tƊtI<br/>
āA͕䏗DÎ܂ŔJ~[WJ̌ƉI<br/>
܂̉̐Ɋė܂t@I<br/>
nAꗿ̂Xł͉ꖯwMI<br/>
mOނɂ锦J~[WJՊJÂłI
</p>","<p>
FNƃs[XwŒ܂ŃnVS̗II<br/>
̈lnVSŒ؂s[XcƎvA<br/>
FNˑR̗ň^W^Wc<br/>
FN̂₶MOɏIny[X𗐂s[Xc<br/>
ȒAꌬ̋ł܂́uƍNv𔭌IH<br/>
ɁAMdfIFN̐̂яocA܂̃fGbgɁII<br/>
LõnVŚ̗AɏÎIH
</p>","<p>129ɁATbJ[{\FIƌ镽I<br/>
2C^AŐׁAŌ̃PƂāunVS̗vɏo鎖u肵II<br/>
͑OAEEElmȐiCɂđ䒬ł́unVS̗vő卆ĂII<br/>
u䒬̐lXɍ̎Ă炢IIv<br/>
ȂƍĂё䒬ł́unVS̗v肵̂II<br/>
ƁEEEOƂ͕ʐl̂Ƃׂ܂Aޏ̎pII<br/>
b20̍̒ӊOȎAĒFIƂ̈ӊOȋʓ_܂<br/>
ԗXɑ匃II<br/>
ȕȂIIKłII
</p>","<p>
liRENACLfB[Y̎R񂪎RuwŃnVSI<br/>
2lłRrăX^[gI<br/>
1ڂ͉ȘHn̏ցI<br/>
qɂ߂R񂪈̍IH<br/>
ɂ͎RũJtFX̒ap[eBŐオ鏗qɎQII<br/>
̌tꂽRENAŐ^ɁII<br/>
VCevwɂ͎RfBX^W^WɁEEE<br/>
㔼RENA͂܂LIĤԂqLɕϖeIH<br/>
ɂJCȐƑ吷オ̘AII
<br/><br/>
ɁAX^WIł͐VNɂӂ킵!?RENAQSɃobgII


</p>","<p>
΃R2lCu܂ŃnVS̗vƁulC҃_[c̗vI<br/>
͍܂łɕm̒26ڂIAɓ_[cՂ쐬Ĩ_[cՂɏo҂𓊂āAڂςčsƂ<br/>
uogCv̗pI<br/>
āĨ_[cՂ̗]ɂ́um{Pvuꔭ|vƂ<br/>
uXJvIڂI <br/>
ɁÁuXJv̒ɂ́A̒LlsnVS̗CibvIH<br/>
ς邩̓QXgK`_[c̖̍sŌ܂I<br/>
nYVTRؖ̏΃RuogC2016vIy݂ɁII

</p>","<p>̃nVŚ̗Ã}hiF߂_T[ETAKAHIROQI<br/>
NYEA|VA^[̃ReXgԑgŁA9Ae{ihłI<br/>
TAKAHIRÕPɁÂAenꏏɂčsƂɁIH<br/>
2lŁAwEG𒩂܂ŃnVSႢ܂I<br/>
u󂢂`IvɎn܂A`[}}̂悤Ɏd؂ĈݐHenƁA<br/>
NGXg΂ǂȏłx肾ႤEI_T[ƂA<br/>
ȂƂsvcJbvA▭ȁg΃nVShWJĂ܂I<br/>
͎m̒jƂ́whhXR|C|CE_XIxɁA<br/>
sUŏoLoƂ́w\\E_XIx<br/>
̖́AƗxōXĂ܂I
</p>","<p>̃nVS̗̓fB[XXyVI<br/>
vSt@[ÊՔۂɍxtĂႤA<br/>
q2l̃nVS̗I<br/>
̃VCƌÊՔہAAЂƂтɂƁc<br/>
Ȉ݂Ղ聕}VKg[NyI<br/>
̗ĺAȂjqɁuׂAX[gvƌĂ΂قǁI<br/>
ɃSto[𔭌IvSt@[ÊՔۂ{C̃XCOIII܂ŌܔcŖ\܂܂I</p>","<p>̓nVS̗fB[XI<br/>
lCDEKӂ݂ɍxtĂႤq2l̃nVSI<br/>
nVSꏊ́AwI<br/>
ꌬڂł́Am̂t@L[Ȃ񂪗吷オI<br/>
ĐVzz̃JbvƈꏏɎ킷ƁA<br/>
b͓Kӂ݂ƍx̗z̃v|[YbɁII<br/>
ɂJCȐƑ吷オ̘AII
</p>","<p>AoNNnVSQIƂƂŁAƂAK`hbLsI<br/>
^Ao͎XyVQXgƎv݃X^WIɓ邪A<br/>
͂́uہṽX^WIBSPQXg̓o傪JƂA<br/>
NȂX^WIŏo͂ǂȃANV݂̂I<br/>
āÂ܂ܒ܂ŃnVSɏoI@o̓ˑȐoŐ͑pjbNɁI<br/>
MX̃Xe[Lœ`̃ANV|H<br/>
ƓˑR̃PJIă`[IH<br/>
AbŃX^WI̕Ȃ܁H<br/>
ɏ엲Ƃ܂̓WJɁII
</p>","<p>̃nVS̗̓XyVII<br/>
fEü݉XAVقŒ܂ŃnVS̗I<br/>
1ڂ琶r[2t݊nCXs[h́cłI<br/>
}KwځxɍڂƂ̂Amɏo<br/>
Ē\II<br/>
̔ɈĒbNCɈ݊II<br/>
XoƂɂ͐Đ璹I<br/>
{DȌŁAu͒܂ŃnVSł̂IH
</p>","<p>
͑ɏ㗤InVSĺc1NԂɕI<br/>
}CPxƕcCǴw}C^PRrxI<br/>
̂́uӎ}WnȂ̂Ɉꏗqv𒩂܂ŒTƁI<br/>
nT~ĐE肽etI<br/>
̃uhfUCi[IȂǁA<br/>
ӎ}WuvB𑱁XI<br/>
ȃAcqOɁAw}C^PRrx͉̂IH
</p>","<p>LOׂ20ÑnVSɏô<br/>
炪MCuW[Wxvxƌ邱Ƃ͂łȂȂ<br/>
AȃnVS͔ΕKIC\ŏo2l<br/>
1ڂ܂̎NGc{ɑv낤c<br/>
犪Ԃn܂nVS̗ō11̓XփnVS`<br/>
AR[x50x̓JNe݊<br/>
ttc`M鐡OB<br/>
ɏ̌tɍ܁B̉IH<br/>
MC2lDȂZ]Óc̖͂܂I
</p>","<p>ÕnVS̗ŁAobeBOZ^[ɎNG<br/>
_XCOIoȂI<br/>
āAxW̗ɏoI<br/>
̂̓obeBOZ^[̂銗cI<br/>
́A_XCOŐłƂł̂IH<br/>
āAolX́c<br/>
bqɁAJ[vt@AɁuc̃LTvƌĂ΂<br/>
XSCȂǋȐl΂I͌܂I
</p>","<p>܂̋tIt@[IH<br/>
u܂ŃnVS̗vɏoƂEXILE ATSUSHIׂ̖A<br/>
͓CLfB[YRɗnցI<br/>
l̎ތc<br/>
jZmƊႢc<br/>
`̃T[݁c<br/>
ɐ̂AITvCYŃo[Xf[\ÔA<br/>
Cu`PbgȂ̂߂EXILE̋Ȃ̂A<br/>
wŽŷ߂ɒ݂䂫̖ȁuvMI
</p>","<p>_XCOŘb蕦20΁EAEŃnVS̗QI<br/>
nVSƎvʂqւ̔э݂Ղɑ^[L[o̗\II</p>","<p>nVS̗͓ʕҁII<br/>
֔cړsƓc݂Ȏu̖AcvŉԌnVS̗I<br/>
qɍoiɂȂƁAc݂ȎuAގ̑Oł́łȁ`v<br/>ƏՌ̔IIqo[̓eƂ́II<br/>
ɁAcړs̒I`ȎpoI<br/>
ۂŁAāA呛ȉԌnVŚ̗Al_ɂ܂I
</p>","<p>fEuA͓{̉Xgʕ{hŒ܂ŃnVS̗I<br/>
ĂŁAumȂjƑ̖OăNCYJÁIH<br/>
qɍuBlĂ铯㏗qփAhoCXI<br/>
́AJbvɑBƗȂގֈ̃`I<br/>
Ĉ}}ɗUAڂT[ŊtI
</p>","<p>rbNQXgFNR񂱂ƎRAčɓoI<br/>
͓w|w߂ɂA̓͂܂܍Ō̎Ƃ̓B<br/>
ǂ̂XwŐオĂI܂܏o킵w͑̈wȂ4NB<br/>
̗̍D҂vڎwăhCcɗwTbJ[IȂǃXSwI<br/>
܂A38N̘V܃XibÑ}}ɑI<br/>
Fwɐl̃AhoCXIƎvĂcHHH<br/>
́gbN[[FNh_WƊEpA<br/>
ɂ͎RɁuvĂ΂肳邱ƂɁc
</p>","<p>
nVS̗ ̓c݂ȎRցI<br/>
ŋ߂낢날ޏA̗͂ł`ɁI<br/>
ԂqL蒅ޏۂ̂ƂǂȐlȂ̂IH<br/>
ڂƂ͗ɃbNDƂvwA<br/>
c݂Ȏ̘AhɕăipjȂ<br/>
ޏɂ炸̃LݐlBXoI
</p>","<p>
j̖ɈԓdԂ܂ŁAylT΃RĂ̖R[i[I<br/>
́AoIˏoǵuɉ͂͂ЁvA<br/>
YNV[Y܂1218ijɐԉHŒ܂ŃnVS̗I<br/>
2015N̈ݔ[߂ƂƂŁAԉH̊X͑傢ɕII<br/>
{e[W܂XnVSɉ͂́A₵ƐgEEEII</p>","<p>D]̂̊悪ĂюnI<br/>
O񉫓ŖAӂ񂾓yAi͂΂kCEDyցI<br/>
Ă̊ɕsĂHÂ̕Pēc~EߔeցI<br/>
DyƓߔe̋C͂Ȃ26xB<br/>
Ⴊ~낤֌WȂIkC͂ȂƂĂHו?<br/>
cuLEArɎR킳сIHr[iސi?<br/>
ȒAyAicƔqސloIH<br/>
ߔe̎ēćA<br/>
ɗUꂽ̂̈ÂXg[g~[WVɑI<br/>
ĉȂ̂ɃyMIƂ̏oɑ労II<br/>
LVȐĝɎ킸An`v[Ƀ\[`v[<br/>
OHאsṒỸXe[L200g܂Ńy?<br/>
ςĂ邾łςɂȂ邱ƊԈႢȂI
</p>","<p>
̃XyVÎ΂bEΉƂ܂<br/>
ȂƏ΂ăRāÍy܂ŃnVS̗zɏoI<br/>
uƂ낪vƂ̗v]Ɍ͓썑EΊ_B<br/>
1ڂ劽Ɍ}XB<br/>
썑̐Snǂy̒uJp`CIvƑSɐ_Ή̂܁B<br/>
BꍂɂAĘbȂ݂ƎvēXł<br/>
܂̋LXAɂ܂^W^WIH<br/>
ɁA܂̋e͈͂zlꂽII<br/>
̃XyVȃnVSȂI
</p>","<p>΃RynVSzXyVdlI<br/>
H܂܂gOׂĂ܂xW2ڂ<br/>
JwցIO񓯗lɍEƈꏏɃnVSI<br/>
ȂƂZȈݐlB̃nVS͂܂ɗ\s\I<br/>
nCeV̂ꂳ񂽂̃LXUA<br/>
̂Z񂩂̃K`_ɖg̓^W^WB<br/>
ɍŌɓXōɊՂ~cB
</p>","<p>́Áw̕PMay JDxcJowӂŒ܂ňݖI<br/>
_吶6lgƑȂƁA҂̗oiő吷オI<br/>
ȒA܂̃J~OAEgc<br/>
ȂĂFB卬̓eƂ́H<br/>
ɁAMay JD̑t@ƂjƂȁII<br/>
ł̖Ȃ𐶉̂ŔIII˔@ACuƉII
</p>","<p>ÕX^WIŐVMC̔\A卆x͂̂܂܃nVS̗ɏoI<br/>
Ȃ񂾂킩Ȃ܂܎lcJwɓI<br/>
͂߂łjIs鑫fBN^[<br/>
ȑOAzŏo4lgohut`iYv菵WB<br/>
xMCACjĂ݂Ȃő升II<br/>
nCeVł͂܂I<br/>
ă}WbNo[ɍsAڂ̑OŃ}WbÑIp[hI<br/>
Ƀgv}WbNxX^WIŔII<br/>
āA݂Ȃ͂킩邩ȁHH
</p>","<p>A񂪁uXyVɂӂ킵IvƑI񂾏ꏊ́AȊXElI<br/>
nVŜ́A}CPxcCĜȂ݁w}C^PRrxB<br/>
unVS̗Eŋ̃c[gbvvE؊Xт܂łCɈݕ܂B</p>","<p>΃RynVSzXyVdlÍ̕ẘXEsxI̊֐GAɍ~藧̂́cʎZnVS񐔂VځIȈuQT΁I<br/>
쉈ŒǂqɗUď߂Ắuv݁A΂o킵lRoɏ߂ẮuinjvyɂȂAaȕKAQT΁QV΃JbvƂۂ񂾂cB<br/>
lƒ܂łՂݓ|܂Icς苞śůXvI 
</p>","<p>̃nVS͉̕PMay J.zցI<br/>
܂߂ȂƂsMay J.<br/>
zCȗ̂ZB̂uKANPAIvƂȂɏ<br/>
r[ɒII\Ԃ̃N񂿂̃m}lII<br/>
Ɏ瓌ɏoėĊԂȂZ<br/>
̃gCł́uvMI<br/>
May J.Ǝ̔KuI^PrvJȂ̂<br/>
F񒧐킵Ă݂ĂI<br/>
̂Am}lA_Xc<br/>
܂łƈႤMay J.Ȃł͂̃nVSɁI
</p>","<p>j̖ɈԓdԂ܂ŁAylTR[i[I<br/>
́AnVS̗ƌ΂̐lAxOcwň݂܂I<br/>
ÁA̍xƂ͈ႤI <br/>
{AR[x35x̃nu܂ŁA<br/>
ŁAnVCŁAXlāAŌ͉IH<br/>
ȍxȂIЂII
</p>","<p>jɈԓdԂ܂ŁAŐオyl<br/>
ˌPs̃R[i[II<br/>
́AfMEGUMI{̋N_@{̉wӂ<br/>
lȃnVSJLA吷オ<br/>
Cew@̋AqO[vHnq̍RɗI<br/>
XɁu悵vT[}̂qg[Nɔ΁I<br/>
̓{ɂ͊ylςI
</p>","<p>
D]̂̊ĨXyVQXgŎłm؍H<br/>
͒FɏoIBő̊yXŒ܂ő呛I<br/>
ԍۂȂ̂Ɂuȃv|[Y܂ĂȂIvƂjɃAhoCXI<br/>
ĒF̎҃O[vɍIŋ}ɃJbvaڌ<br/>
uނˁ`ȁIvƃnCeVII<br/>
ɁIق됌̍H͎g̔閧\III<br/>
Ⴉ肵̈ӊOȗ؍H̔b炩ɁII
</p>","<p>lC҂͌j`j܂ŖZIII<br/>
j̖͋󂢂ĂIƌ؂鏊c<br/>
ȏ񂪎wAnVSɏo钴lC҂Ƃ́c<br/>
EƎMI<br/>
ɁA̓܂܃XPW[󂢂Ă<br/>
s[XgꂼꂨɂB<br/>
Eg͈JwOցAMꁕ<br/>
ˉwOւꂼnVSɏoIさgyA͂Pڂɂ<br/>
unbs[΂΁vȂ鋭LƏoA<br/>
΂΂̃LX̗ɖgfcB<br/>
sXsXŁAŐ߂y􂵂c<br/>
Ǝvΐ^ɔYݑkɂ̂cJIPMc<br/>
AyAAPڂ瑁XPxUEX呛ŉsscBnƂ̏oŃffcB<br/>
̍Ȉ݂ՂƑ\͎~߂邩IH<br/>
āAŌ͖g̐gɃANVfgI<br/>
H܌̍ƂȎpɂȂȂāc
</p>","<p>jɈԓdԂ܂ŁAwOŐオyl<br/>
ˌPs̃R[i[II<br/>
́AfEuZ݂XNO.1Igˎ̉wO<br/>
nCeVȃnVSJLA吷オ<br/>
AtH[ZNV[o܂gˎݏZEn[jJ̎́ihjA<br/>
āugˎX^CvȂ̂肪sꂽƁA̋gˎɂ͒mꂴʂ̊炪I
</p>","<p>R[i[j㏉ً̋}ԔII񂩂wꂽA<br/>
uPɍsȂcvƂȂƃX^WIő卆I<br/>
wlƂׂȂxwlɋ^₪Ȃx<br/>
ȕ̃nVSԑgSʃobNAbvI<br/>
͂ƈāu͐lmł̂Hv<br/>
e[}ɑ䒬wł́uAӂ̐v͂I
</p>","<p>A񂩂炠w߂IÍcuԌŃnVSvII<br/>
R[i[j㏉II12݂܂II͓ cII<br/>
ɂ͍̂ŋc[gbvA}CPxcCǴu}C^PRrvII<br/>
͂ʔȂ͂ȂI<br/>
̂AyAiHjAg̉ԌI<br/>
II8NOɐzŕcƈ񂾂ƂɑI<br/>
2l̊ԂɈ̉̂Hڂ_ɂȂc̑f̃ANV͕KII
</p>","<p>fxAuZł݂Iv̊w|wwӂŒ܂ňݖI<br/>
sUAłAN[vIiɂƂ?fGȗbɂق??<br/>
eV߂Ŗ̊w|w\܂唚΂̃nVSI<br/>
w|w̐lɐGAڂ̑OŊ̃v|[Y̏uԂđ卆II
</p>","<p>́AkVJƂjāw܂ŃnVS̗XyVIIx<br/>
gQTbŊhƘbɂȂkVԓdԁiRPSU 򔭁j<br/>
v`i`PbgQbg[JAWFJ̔loI<br/>
Őj̖AŁg܂ŃnVS̗hsA<br/>
kV̈ԓdԂɏē֋AėXyVŁII<br/>
K[ApNAK`cċق̋̓LEՁiAuhjƂ́H
</p>","<p>̓XyVŁI<br/>
𗣂AȂƖkCEDyƉEߔe2l̔ɃnVSI<br/>
ŝ́c@DywcxAߔewyAixI</p>","<p>p̈lAtWerAiET[̍^O𒩂܂ŃnVSI<br/>
uΖʂ̐lƂׂ邩cvȂČĂ̂ɁA^̐lƂ̐l_ԌZ`eɂȂ܂IX^WIłme҂قǁI
</p>","<p>_[c̗ƓlANƓc̑]ːEVh́uwvɎތsI<br/>
wߏ́ANɂĐjER̂Ƃɓ͂ꂽII<br/>
P͓sŏ̐ϐႪϑꂽBlȂ̂ł́cƑsRB<br/>
wɓAӂncl̋CzSȂcB<br/>
ȂƂX邪ÂߓXfc<br/>
ȂƂcCĂȂR񂪁Auvwӂ݂ԂɒTI
</p>","<p>j̖AԓdԂ܂łɁAwOŐオĂyl<br/>
ˌPs邱̃R[i[II<br/>
́u܂ŃnVS̗ṽXyVXgIHuȊX<br/>
ڍwӂɏoII<br/>
oOɏW[W炠̂v[gC\̃uB<br/>
ڍwɒũnVSɃguI<br/>
̂ȂɂH
</p>","<p>͉AO֏owII<br/>
̃fB[vȒnVŜ́c<br/>
35ΓƐgIłȂLōlČTBSAiET[EіI<br/>
uގIvƈӋCŖ̊XցB<br/>
24΂ɂďтNAҎOLA̒ju咇̃ppvA<br/>
iƕ̊Ȋ֌WAHc<br/>
ŗlXȏoтɁAʂă}X̐_l͍~Ă̂IH 
</p>","<p>D]IR[i[u܂ŃnVS̗v̓fwxxԍwɏoIjɎn܂ŉwOŐオylɃA|ȂPI1219ENňԐオ̐ԍ͍ېFLBtXŕeƓˑRdbn߂CPn[tAQGD̂ł񉮂񂪓oIy߂ăAbƂԂɈԓdԂ鎞ԂɁ<br/>
̓Ai^łAmXɃnVS̗邩܂恙
</p>","<p>jɈԓdԂ܂ŁAwOŐオĂyl<br/>
ˌPs邱̃R[i[II<br/>
̓nVS2xڂƂȂ<br/>
}CPxcCGAʏ""}C^P""2gbvAʌ{wOő\II<br/>
ĂȂl͏ɉxAǂe邩K`ogII<br/>
()ip@eNjbNJII<br/>
ɖu΃Rv̑t@Ƃ2lgɏo<br/>
}C^P勻II
</p>","<p>X^WI^Â܂܊Xɔяo<br/>
܂łXnVSĊylT邱̊I<br/>
AXɌJô͑O3SPɏoD ؍HI<br/>
񂪑I񂾏ꏊ́uwvI<br/>
igRɂH񂪐̏ZłꏊI</p>","<p>D]̂̊ɁAɁA|\E̎EyAioI<br/>
̒nEB[ŐオPORPAcŒ܂ň݂܂I<br/>
zCȃT[}Ɖ̂AƂ݂ĂqƃGg[NňӋCA<br/>
܂ܒʂ肩j́g̃L[sbhhɂȂAmʋqƉ̂唚΁c<br/>
yAĩeV͏オςȂI<br/>
XɁA˔@ꂽ̐ɓyAĩeVMAXI<br/>
BeYAfɂȂAiỈɑ̂IH
</p>","<p>ŋ߂͍Jł̔Fmx100%!?̑lCR[i[<strong>u܂ŃnVS̗v</strong>I<br/>
́AnVSPő4ڂƂȂ郂fEus<br/>
u󑐁vł̃nVSI</p>","<p>̓frpɂĂfExB<br/>
ŃnVS̗Q͍ő3ځiuƕԃ^CL^jI<br/>
s͏B^bOgޑfBN^[ƋɉEI<br/>
Ƃ낪AAAH<br/>
fBN^[̂傱傢ԂɍxB<br/>
nVS̃V{E؂ȊɂԂA<br/>
ԃCɂڂc̃nVS͂ƈႤIH<br/>
ȏ́unvɈꂽlłςI̐lɉx܂ލxI<br/>
ΕK̒IҁI
</p>","<p style=""text-align:center;padding-top:10px;font-size:14px;""><strong>̗l͔loCIjXgmII</strong>
</p>","<p>̓nVS̗j㏉̒j^goI}CPxcCG̓ƐgNRru}C^PvT[}̐nEVwŒ܂ň݂܂II<br/>
̋jŊX͑킢I<br/>
J[ONq[[c̓oŊX̃TbJ[t@͑сBqɓˌAeeԂ̕cɃ}CPiIHVŁu`[}CPvē̗͂͌邩IH<br/>
ɂȂ20NOAW[WCMŋƂ̂鏗ɂoII<br/>
lӂXuVvŁAɃPi߂邪EEE锼JɌlBʂāA}C^PEnVS̓^́IH
Ď͈̒Nǂ̉wŒ܂ŃnVŜIH
</p>","<p>̓R[i[jŒIPԂȂ11ԁI<br/>
яoAk̑ssgm̓shŋ^HɃnVSsI<br/>
f̍x7璩6܂ňňň݂܂I<br/>
肰Ȃ𕥂Ăꂽg傢hA<br/>
ѓQqł܂̓WJc<br/>
x卆ỈcH<br/>
5ɒnCeVŊ̃TvCYI</p>","<p>΃R̖R[i[ɂȂAJő]̒R[i[g܂ŃnVS̗hB<br/>
̓TuJ̊XA~II<br/>
̃fB[vȊXnVŜ́A񂪂Ȃ3ځI<br/>
łɃxë̃fAuI 
</p>","<p>D]̂̃R[i[II<br/>
̓f@}M[Œ܂ŃnVS`<br/>
ƂĂsAŁAI[hEu[ɓ̐NɏoA<br/>
fB[vȏłmlmwʂȕx̌A<br/>
ŋߔޏo΂̒jɔM`IHc<br/>
ƌLȕƊՂ̏oAII<br/>
tD̃}M[Aςďő\܂II
</p>","<p>Jn3ڂɓ˓AɍJł͒mȂl̂ȂlĈ̃R[i[B<br/>
̓OrAACh{}i~kZŃnVSI</p>","<p>jɈԓdԂ܂ŁAwOŐオylɓˌPs̃R[i[B<br/>
O̕ŁA̒߂̈ꐺŒ܂ŃnVS鎖ɂȂĂ܂Mq50΁B<br/>
񂪑I񂾉w͈Ɨ~]̊XIHuюvBP̓͂ɂ̑Jc<br/>
|28N̑xeA͂CXII<br/>
ތ͑SĎōsBς炢̃T[}ɂ́ułLCIvƖJ߂A<br/>
XibÑ}}Ƃ͑吷オň݂܂II<br/>
̌ɕȂ炢̋Lς炢oII<br/>
DȃnC{[݂܂AŌ͂܂̓DIH<br/>
nVS̗n܂ĈȗAΐς炢̘AII
</p>","<p>jɈԓdԂ܂ŁAwOŐオyl<br/>
ˌPs̃R[i[II<br/>
͌bBwOɍ~肽BfBN^[̓PJn鎖Ȃ<br/>
{̓db|Â܂܉wOő҂IH<br/>
ƂɌꂽ̂́cf̃uII<br/>
OA_cwő劈􂵂ޏĂђ܂ŃP邱ƂɁII<br/>
Xɂ́u~{Cvv̂ʂ̐lIăeXȂ<br/>
ԂƈłDJɑ<br/>
ȂƂDJAeqđ́u΃Rvt@ƂŁAPɑ勻II
</p>","<p>D]IVR[i[u܂ŃnVS̗v͏̃^gPŁIIOTX^WIŔspӂȈꌾŃf́wux_cwɏoHڂɁIjɎn܂ŉwOŐオylɃA|ȂPIʂ̃T[}AˉňޑwAC̓΂̐VЉlɃK`̓ˌށAɌȌqɗĔ閧̏qg[NJLIɂɉBꖼX̒ؗXŐiuCKjv󂠂范iŒI̖Ɏv킸wuxΊɁ<br/>
̃P530ijAi^łwOɓˌ邩܂恙
</p>","<p>D]́w܂ŃnVS̗x͒cwցII<br/>
j̖AwOŐオĂylTĎnŋAėˌPI<br/>
˂}YBARʗ쉀cMFĂȂԂŋčsw2lgc<br/>
[ŃubW̏cȂǊyclĂ񂱐II<br/>
X^WIł̓ûЂȈꌾ̓WJɁIIIII<br/>
̃P͂ȂłwOɓˌ邩܂恙
</p>","<p>挎̂SԃXyVŎn܂Vw܂ŃnVS̗Ix<br/>
j̖ɁAwOɍsĐオĂyl<br/>
n܂ŒTA|Ȃ̗A͎RwցII
</p>","<p>
ɐVR[i[nI̖܂ŃnVS̗II<br/>
̃R[i[́A1TԂ̒1ԐオĂjɉwOɍs<br/>
n܂ŖʔlTėƂR[i[I<br/>
LOׂ1ڂ́ACOxǂŎxǒ𖱂߂R}co[fBN^[<br/>
EwŃK`ށI<br/>
ejXA̗zCȃ}_B̒ɑS{ɏoꂵ𔭌I65΂ł<br/>
oõ}_ɌC炢AȂʔ|CgT<br/>
R}co[fBN^[BSD̐lɈēꐼE̒<br/>
nVShLgI<br/>
n܂łɂǂȑfGȏo̂IH</p>"
